rating,text,date,title
5,"This online course completely transformed my understanding of data science! The instructor explains complex concepts clearly, the projects are practical and challenging, and the community support is excellent. Worth every penny and more!",2026-03-10,"Transformative Learning Experience"
4,"Excellent course content and structure. The video quality is good, assignments are well-designed, and the instructor is knowledgeable. Only minor issue is that some sections could be updated with newer techniques.",2026-03-09,"Excellent Course Content"
5,"Outstanding learning platform! The interactive exercises, real-world projects, and personalized feedback have accelerated my career growth significantly. The certificate is recognized by employers and the skills I've gained are directly applicable.",2026-03-08,"Career-Accelerating Platform"
4,"Very satisfied with this course. Comprehensive coverage of topics, good pacing, and practical exercises. The discussion forums are helpful for troubleshooting. Would recommend to colleagues looking to upskill.",2026-03-07,"Satisfied with Course Quality"
3,"Decent course but overpriced. Content is good but many resources are available for free elsewhere. The assignments are basic and the certificate doesn't carry much weight. Okay for beginners but not for serious learners.",2026-03-06,"Decent But Overpriced"
5,"Exceptional learning experience! The mentor support, peer collaboration, and hands-on projects have given me confidence to apply for senior roles. The platform's interface is intuitive and the mobile app works perfectly.",2026-03-05,"Exceptional Learning Platform"
4,"Good investment in my education. The course material is up-to-date, the instructors are industry experts, and the practical assignments build real skills. Minor issue with occasional technical glitches but support is responsive.",2026-03-04,"Good Educational Investment"
2,"Disappointed with the quality. Content is outdated, assignments are poorly designed, and instructor response times are slow. For the price, expected much better production quality and more interactive elements.",2026-03-03,"Poor Quality and Outdated Content"
5,"Life-changing course! The structured learning path, weekly live sessions, and career coaching have helped me transition into a new field. The job placement assistance was invaluable. Highly recommend!",2026-03-02,"Life-Changing Educational Experience"
4,"Solid educational platform. Good course selection, reliable platform, and helpful student services. The mobile access is convenient and the progress tracking keeps me motivated. Good choice for online learning.",2026-03-01,"Solid Educational Platform"
5,"Outstanding value! The comprehensive curriculum, expert instructors, and practical projects have given me skills that directly translated to a promotion. The lifetime access means I can revisit content anytime.",2026-02-28,"Outstanding Value for Money"
3,"Average online course. Content is okay but lacks depth in some areas. The discussion forums are not very active and the assignments feel repetitive. It's acceptable for basic knowledge but not for advanced learning.",2026-02-27,"Average Online Course"
4,"Very pleased with the platform. User-friendly interface, good video quality, and comprehensive course library. The certification programs are well-structured. Only wish there were more specialized advanced courses.",2026-02-26,"Pleased with Platform"
5,"Exceptional learning journey! The adaptive learning technology, personalized recommendations, and industry-relevant projects have prepared me for real-world challenges. The career services team is outstanding.",2026-02-25,"Exceptional Learning Journey"
2,"Not worth the investment. Poor course quality, technical issues with the platform, and inadequate support. Many of the promised features don't work as advertised. Would not recommend.",2026-02-24,"Poor Investment"
4,"Good educational resource. The courses are well-organized, instructors are qualified, and the learning outcomes are clear. The platform is reliable and the mobile app enhances the learning experience.",2026-02-23,"Good Educational Resource"
